id,ym_quarter,has_dlv_cat,is_brand,big_ind,dong,duration_cat_mean,duration_cat_std,sales_amt_cat_mean,sales_amt_cat_std,sales_cnt_cat_mean,sales_cnt_cat_std,unique_cust_cat_mean,unique_cust_cat_std,aov_cat_mean,aov_cat_std,ind_sales_amt_rat_mean,ind_sales_amt_rat_std,ind_sales_cnt_rat_mean,ind_sales_cnt_rat_std,ind_rank_rat_mean,ind_rank_rat_std,ind_cancel_rat_mean,ind_cancel_rat_std,m_rat_mean,m_rat_std,f_rat_mean,f_rat_std,age_20_under_rat_mean,age_20_under_rat_std,age_30_rat_mean,age_30_rat_std,age_40_rat_mean,age_40_rat_std,age_50_rat_mean,age_50_rat_std,age_60_over_rat_mean,age_60_over_rat_std,re_cust_rat_mean,re_cust_rat_std,new_cust_rat_mean,new_cust_rat_std,resid_cust_rat_mean,resid_cust_rat_std,office_cust_rat_mean,office_cust_rat_std,move_cust_rat_mean,move_cust_rat_std,pop_all_mean,pop_all_std,rent,office_num,m_office_num,f_office_num,age_20_under_office_num,age_30_office_num,age_40_office_num,age_50_office_num,age_60_over_office_num,move_num,m_move_num,f_move_num,age_20_under_move_num,age_30_move_num,age_40_move_num,age_50_move_num,age_60_over_move_num,resid_num,m_resid_num,f_resid_num,age_20_under_resid_num,age_30_resid_num,age_40_resid_num,age_50_resid_num,age_60_over_resid_num,store_cnt,sim_store_cnt,open_rat,open_cnt,close_rat,close_cnt,franchise_cnt
052D57B40B,20231,0,0,패스트푸드점,금호1가동,2,0,5,0,4.66666666666667,0.577350269189626,3.6666666666666696,0.577350269189626,4,0,24.4333333333333,17.4517429884047,31.5,19.0307645668796,35.7666666666667,1.22202018532156,20.2666666666667,0.702376916856849,52.5807,0.207958433346667,47.3193,0.207958433346667,9.23333333333333,0.152752523165195,18.5,0.300000000000001,21.5333333333333,0.416333199893227,27.9666666666667,0.493288286231626,22.6666666666667,0.208166599946612,27.2133333333333,1.41648626302316,4.86666666666667,3.34682436547443,87.0333333333333,11.5612859723014,11.1,11.1,1.86666666666667,3.2331615074619,15004,21.0713075057055,161099,1693,625,1068,209,560,691,193,40,3528004,1555365,1972639,952568,629199,678933,487523,779780,13659,6614,7045,3145,1721,2265,2297,4231,1,5,0,0,80,4,4
052D57B40B,20232,0,0,패스트푸드점,금호1가동,2,0,5,0,4,0,3,0,4,0,35.8666666666667,2.75741424768447,49.1333333333333,1.04083299973307,36.0666666666667,1.78978583448784,22.3,0.529150262212918,53.7,2.00748598998847,46.3,2.00748598998847,8.26666666666667,1.35769412362775,18,0.399999999999999,18.7333333333333,1.1060440015358,29.1,1.12694276695846,25.9,1.15325625946708,27.64,1.42453501185475,8.60666666666667,2.1496356280387,82.7,4.95075751779463,4.16666666666667,7.21687836487032,13.1666666666667,7.64220736000623,14957.6666666667,27.5922694487665,165635,1693,625,1068,209,560,691,193,40,3242485,1422444,1820041,844203,582450,651074,449039,715719,13659,6614,7045,3145,1721,2265,2297,4231,1,6,17,1,0,0,5
052D57B40B,20233,0,0,패스트푸드점,금호1가동,2,0,4.66666666666667,0.577350269189626,4.33333333333333,0.577350269189626,3,0,3.66666666666667,0.577350269189626,46.4,8.69540108333135,46.7666666666667,12.7142964151908,33.6666666666667,1.30511813003013,22.5333333333333,0.152752523165195,57.2333333333333,0.680685928555403,42.7666666666667,0.680685928555403,6.46666666666667,0.208166599946613,19.7333333333333,0.416333199893226,16.7666666666667,0.493288286231626,30.6666666666667,1.32035348802256,26.3666666666667,1.46401275039985,30.2466666666667,1.3003204733193,7.51333333333333,3.08620046875334,83.1,5.72974694031071,3.5,6.06217782649107,13.4,9.00721932674008,14881.6666666667,34.645827069552404,184490,1693,625,1068,209,560,691,193,40,3202194,1402191,1800003,850284,566523,636906,444515,703967,13659,6614,7045,3145,1721,2265,2297,4231,2,6,17,1,17,1,4
052D57B40B,20234,0,0,패스트푸드점,금호1가동,2,0,5,0,4.33333333333333,0.577350269189626,3.3333333333333304,0.577350269189626,3.66666666666667,0.577350269189626,33.5333333333333,9.96058900534167,44.8,17.530829986056,31.299999999999997,0.458257569495583,21.9666666666667,0.568624070307733,61.1678,2.77012299185433,38.8322,2.70760067033527,6.03333333333333,0.0577350269189624,17.9333333333333,0.901849950564579,20.8,1.77763888346312,25.6333333333333,1.82300118851671,29.6,0.793725393319377,26.9133333333333,1.43855251323451,5.37333333333333,2.36165902139435,88.8333333333333,4.58839114868527,0,0,11.1666666666667,4.58839114868527,14786.6666666667,38.527046776691,179939,1330,486,844,162,438,542,155,33,3191938,1393785,1798152,840040,559962,643419,453462,695052,14750,7024,7726,3630,2315,2474,2321,4010,2,6,0,0,0,0,4
052D57B40B,20241,0,0,패스트푸드점,금호1가동,2,0,5,0,4.33333333333333,0.577350269189626,3,0,4,0,34.0666666666667,5.24436205208349,44.7333333333333,6.22923216242045,30,0.435889894354067,21.4,0.299999999999999,62.9208333333333,0.326040002658162,37.1125,0.381403657559811,7.23333333333333,0.208166599946613,15.7,1.35277492584687,20.6333333333333,0.642910050732865,23.9333333333333,0.70237691685685,32.5333333333333,0.305505046330387,28.19,1.21704560308971,7.04,1.91115148536164,87.6666666666667,16.2902834024867,2.56666666666667,4.44559707276012,9.8,11.9411054764624,14722.3333333333,23.0072452356499,151253,1330,486,844,162,438,542,155,33,3191410,1396832,1794579,847512,543816,639875,460857,699350,14750,7024,7726,3630,2315,2474,2321,4010,2,6,0,0,0,0,4
052D57B40B,20242,0,0,패스트푸드점,금호1가동,2,0,5,0,4.66666666666667,0.577350269189626,3,0,3.66666666666667,0.577350269189626,40.9666666666667,12.2871206282568,44.2333333333333,11.6328557686122,27.799999999999997,0.529150262212918,20.8333333333333,0.37859388972002,66.7552666666667,0.848682092030541,33.1780666666667,0.882678476758855,8.76666666666667,1.20138808606267,15.2,0.556776436283002,21.2333333333333,1.12398102000582,22.2,2.51594912508183,32.5333333333333,1.91398362932741,27.8233333333333,1.19085403527608,8.16333333333333,2.18115412874316,66.6666666666667,16.6500250250062,0,0,33.3333333333333,16.6500250250062,14707.6666666667,13.2035348802256,121496,1330,486,844,162,438,542,155,33,3021708,1313178,1708529,777458,527347,608935,447820,660147,14750,7024,7726,3630,2315,2474,2321,4010,2,6,0,0,0,0,4
052D57B40B,20243,0,0,패스트푸드점,금호1가동,2,0,5,0,5,0,4,0,3.66666666666667,0.577350269189626,26.6666666666667,2.34591844132172,35.1,8.51351866151711,29.7333333333333,0.709459888459758,20.3666666666667,0.208166599946614,63.5094333333333,1.30106953823895,36.5572333333333,1.24706533242382,10.4666666666667,0.288675134594813,14.5,1.05830052442584,21.6666666666667,1.45716619962629,16.6333333333333,1.27410099024109,36.8,1.80831413200251,25.4,1.1883181392203,5.13333333333333,0.774682730757136,83.0666666666667,10.1036297108185,4.76666666666667,8.25610884941165,12.1666666666667,1.8475208614068,14624.3333333333,19.6553639837408,95382,1330,486,844,162,438,542,155,33,3263574,1424063,1839510,861742,561679,649260,482405,708486,14750,7024,7726,3630,2315,2474,2321,4010,2,6,0,0,0,0,4
052D57B40B,20244,0,0,패스트푸드점,금호1가동,2,0,5,0,4.33333333333333,0.577350269189626,3.3333333333333304,0.577350269189626,3.33333333333333,0.577350269189626,37.8,10.971326264404,47.9,13.3232878825011,30.366666666666703,0.85049005481154,19.9666666666667,0.351188458428424,63.6239333333333,1.22766062221337,36.3094,1.2620924173768,11.6,0.435889894354067,14.4333333333333,1.04083299973307,20.4333333333333,1.52752523165195,15.5666666666667,0.550757054728611,37.9,0.692820323027548,24.5966666666667,1.88810310452934,7.69,0.305122926047847,86.3,4.81248376620639,2.1,3.63730669589464,11.633333333333301,2.2300971578237,14597.6666666667,17.5023807904334,105721,1732,633,1099,210,574,709,199,40,3276337,1436663,1839673,870140,565024,661336,472677,707161,14750,7024,7726,3630,2315,2474,2321,4010,2,6,0,0,0,0,4
